"Observation_Number","Correct","InCorrect","Total"
2,682,0,682
5,704,0,704
30,682,0,682
33,0,704,704
48,619,85,704
82,682,0,682
94,704,0,704
108,679,3,682
112,682,0,682
134,682,0,682
139,704,0,704
144,2,702,704
161,704,0,704
200,704,0,704
211,704,0,704
219,704,0,704
237,704,0,704
243,704,0,704
248,704,0,704
250,704,0,704
255,682,0,682
256,704,0,704
265,704,0,704
276,992,0,992
283,1022,2,1024
285,1024,0,1024
286,0,1024,1024
291,0,992,992
292,0,1024,1024
305,1017,7,1024
308,44,948,992
320,0,1024,1024
321,2,990,992
332,956,36,992
337,1024,0,1024
351,0,1024,1024
359,1003,21,1024
366,1024,0,1024
381,1022,2,1024
396,810,214,1024
398,1011,13,1024
401,0,992,992
407,1024,0,1024
423,988,4,992
427,980,12,992
430,608,384,992
433,1024,0,1024
434,992,0,992
443,992,0,992
451,992,0,992
482,992,0,992
486,992,0,992
492,992,0,992
493,1024,0,1024
495,992,0,992
501,992,0,992
506,1024,0,1024
547,992,0,992
554,961,0,961
588,992,0,992
596,0,992,992
598,0,992,992
603,992,0,992
608,0,961,961
615,961,0,961
617,958,3,961
625,4,988,992
646,991,1,992
670,960,32,992
673,931,30,961
704,944,17,961
730,961,0,961
734,961,0,961
752,992,0,992
754,992,0,992
769,961,0,961
774,992,0,992
809,992,0,992
814,961,0,961
820,992,0,992
825,952,72,1024
826,907,85,992
828,992,0,992
835,992,0,992
863,992,0,992
878,992,0,992
889,988,4,992
928,893,99,992
937,1015,9,1024
960,953,39,992
961,1021,3,1024
963,914,110,1024
979,181,843,1024
996,1024,0,1024
1018,1024,0,1024
1034,992,0,992
1036,992,0,992
1038,992,0,992
1052,1024,0,1024
1053,992,0,992
1056,992,0,992
1058,992,0,992
1063,1024,0,1024
1084,992,0,992
1120,992,0,992
1128,899,62,961
1134,992,0,992
1139,961,0,961
1144,0,992,992
1164,252,740,992
1172,0,992,992
1182,961,0,961
1192,992,0,992
1227,944,48,992
1230,876,85,961
1236,898,63,961
1250,164,828,992
1264,992,0,992
1276,992,0,992
1280,961,0,961
1305,992,0,992
1318,992,0,992
1360,961,0,961
1375,956,68,1024
1391,0,992,992
1406,992,0,992
1416,14,1010,1024
1426,985,7,992
1434,462,562,1024
1448,992,0,992
1450,992,0,992
1453,1024,0,1024
1486,1011,13,1024
1497,889,103,992
1515,987,5,992
1520,0,1024,1024
1527,20,1004,1024
1536,992,0,992
1541,992,0,992
1543,992,0,992
1559,1024,0,1024
1560,992,0,992
1572,1024,0,1024
1591,992,0,992
1612,992,0,992
1621,992,0,992
1626,1024,0,1024
1635,1024,0,1024
1645,527,0,527
1651,0,992,992
1659,848,113,961
1683,961,0,961
1688,992,0,992
1712,407,585,992
1717,956,5,961
1719,961,0,961
1721,992,0,992
1745,956,5,961
1746,952,40,992
1766,992,0,992
1773,0,992,992
1784,961,0,961
1814,992,0,992
1835,992,0,992
1843,961,0,961
1863,992,0,992
1870,992,0,992
1882,961,0,961
1889,992,0,992
1897,961,0,961
1899,961,0,961
1915,992,0,992
1931,782,210,992
1947,0,1024,1024
1956,1024,0,1024
1968,1023,1,1024
1975,1020,4,1024
1985,598,394,992
1987,152,840,992
1994,0,1024,1024
2000,986,6,992
2023,1024,0,1024
2025,1016,8,1024
2027,1008,16,1024
2031,771,253,1024
2037,919,73,992
2042,1020,4,1024
2060,1008,16,1024
2102,992,0,992
2114,1024,0,1024
2120,1024,0,1024
2140,1024,0,1024
2141,992,0,992
2147,992,0,992
2149,992,0,992
2171,992,0,992
2196,892,69,961
2197,952,40,992
2198,940,21,961
2206,910,82,992
2210,992,0,992
2220,0,961,961
2230,992,0,992
2250,806,155,961
2259,191,770,961
2270,954,7,961
2271,990,2,992
2273,943,49,992
2283,960,1,961
2295,992,0,992
2329,889,103,992
2350,961,0,961
2353,0,992,992
2360,992,0,992
2369,961,0,961
2373,992,0,992
2376,961,0,961
2380,961,0,961
2381,992,0,992
2387,961,0,961
2395,961,0,961
2403,992,0,992
2412,992,0,992
2416,992,0,992
2420,992,0,992
2425,992,0,992
2427,992,0,992
2436,961,0,961
2442,992,0,992
2449,961,0,961
2453,992,0,992
2457,992,0,992
2462,961,0,961
2468,992,0,992
2486,24,1000,1024
2493,1024,0,1024
2502,986,6,992
2518,988,4,992
2528,9,983,992
2535,381,611,992
2543,1024,0,1024
2544,970,22,992
2552,988,4,992
2554,990,2,992
2560,0,1024,1024
2570,983,9,992
2573,1019,5,1024
2579,987,37,1024
2602,940,52,992
2615,959,33,992
2635,975,17,992
2648,992,0,992
2650,992,0,992
2655,1024,0,1024
2665,992,0,992
2666,1024,0,1024
2687,992,0,992
2702,992,0,992
2714,1024,0,1024
2730,992,0,992
2743,991,1,992
2756,992,0,992
2768,0,961,961
2770,0,961,961
2774,961,0,961
2783,958,3,961
2818,944,17,961
2830,992,0,992
2838,987,5,992
2841,905,56,961
2846,0,961,961
2847,0,992,992
2860,474,518,992
2874,953,8,961
2884,987,5,992
2902,959,2,961
2926,961,0,961
2953,992,0,992
2958,961,0,961
2969,961,0,961
2984,961,0,961
2986,992,0,992
3001,992,0,992
3025,0,1024,1024
3028,943,81,1024
3031,0,992,992
3047,1024,0,1024
3049,1024,0,1024
3058,1014,10,1024
3068,165,827,992
3099,1004,20,1024
3105,992,0,992
3113,992,0,992
3125,1017,7,1024
3127,910,114,1024
3165,981,11,992
3186,1024,0,1024
3199,1024,0,1024
3201,1024,0,1024
3211,992,0,992
3215,992,0,992
3218,1024,0,1024
3222,992,0,992
3263,992,0,992
3268,1024,0,1024
3290,961,0,961
3291,992,0,992
3308,0,992,992
3322,0,961,961
3362,989,3,992
3369,983,9,992
3370,936,25,961
3392,961,0,961
3412,981,11,992
3415,926,35,961
3438,967,25,992
3439,0,961,961
3443,982,10,992
3455,928,64,992
3460,992,0,992
3503,992,0,992
3511,961,0,961
3516,992,0,992
3525,992,0,992
3528,961,0,961
3531,992,0,992
3558,961,0,961
3574,1003,21,1024
3599,0,1024,1024
3601,376,616,992
3603,992,0,992
3609,992,0,992
3618,972,20,992
3621,1022,2,1024
3630,1022,2,1024
3653,982,10,992
3676,882,110,992
3680,1024,0,1024
3688,975,49,1024
3720,130,862,992
3744,965,27,992
3764,1024,0,1024
3767,992,0,992
3800,992,0,992
3816,1024,0,1024
3824,992,0,992
3828,992,0,992
3842,10,982,992
3864,978,14,992
3872,0,992,992
3893,1024,0,1024
3896,992,0,992
3900,0,1024,1024
3901,0,992,992
3918,977,15,992
3920,978,14,992
3924,916,76,992
3926,1024,0,1024
3929,985,7,992
3932,1024,0,1024
3946,992,0,992
3949,1024,0,1024
3968,890,102,992
3977,931,93,1024
4048,992,0,992
4066,1024,0,1024
4081,1024,0,1024
4097,1024,0,1024
4100,992,0,992
4104,992,0,992
4115,83,909,992
4122,992,0,992
4133,961,0,961
4134,992,0,992
4136,961,0,961
4148,463,529,992
4151,547,414,961
4153,0,961,961
4159,11,950,961
4173,950,42,992
4187,981,11,992
4196,150,811,961
4202,0,992,992
4222,961,0,961
4229,948,13,961
4233,961,0,961
4246,933,28,961
4275,50,942,992
4289,961,0,961
4297,657,335,992
4298,917,44,961
4308,992,0,992
4311,961,0,961
4327,992,0,992
4346,961,0,961
4347,992,0,992
4363,961,0,961
4371,992,0,992
4384,744,0,744
4385,346,198,544
4388,792,200,992
4402,944,80,1024
4411,1018,6,1024
4420,0,992,992
4465,1022,2,1024
4482,1024,0,1024
4484,1009,15,1024
4495,1019,5,1024
4505,936,56,992
4511,649,343,992
4518,968,24,992
4519,1024,0,1024
4524,892,100,992
4548,195,797,992
4555,811,181,992
4574,397,595,992
4589,992,0,992
4600,992,0,992
4614,1024,0,1024
4617,1024,0,1024
4624,992,0,992
4627,1024,0,1024
4628,992,0,992
4632,1024,0,1024
4639,992,0,992
4647,1024,0,1024
4655,1024,0,1024
4657,992,0,992
4662,854,107,961
4676,0,992,992
4721,992,0,992
4727,0,961,961
4736,960,1,961
4742,961,0,961
4749,0,961,961
4759,0,961,961
4774,974,18,992
4787,941,51,992
4790,851,110,961
4813,896,96,992
4839,992,0,992
4844,311,650,961
4852,992,0,992
4875,992,0,992
4876,961,0,961
4877,992,0,992
4883,961,0,961
4895,992,0,992
4902,961,0,961
4912,992,0,992
4925,992,0,992
4945,992,0,992
4956,895,129,1024
4980,662,362,1024
4991,1024,0,1024
5001,798,194,992
5004,0,1024,1024
5005,949,43,992
5006,997,27,1024
5034,1002,22,1024
5049,964,28,992
5084,0,1024,1024
5094,247,745,992
5118,963,29,992
5121,0,1024,1024
5127,992,0,992
5134,1024,0,1024
5147,1024,0,1024
5149,1024,0,1024
5152,1024,0,1024
5159,992,0,992
5176,992,0,992
5180,1024,0,1024
5205,992,0,992
5221,772,189,961
5223,14,947,961
5226,992,0,992
5239,992,0,992
5245,957,4,961
5263,907,85,992
5267,992,0,992
5282,990,2,992
5292,961,0,961
5298,992,0,992
5305,0,961,961
5315,986,6,992
5316,943,18,961
5328,0,992,992
5331,774,187,961
5342,0,961,961
5343,644,348,992
5346,0,961,961
5363,980,12,992
5374,990,2,992
5375,932,29,961
5377,939,22,961
5406,992,0,992
5410,992,0,992
5420,961,0,961
5447,992,0,992
5448,961,0,961
5452,992,0,992
5461,961,0,961
5462,992,0,992
5463,961,0,961
5472,961,0,961
5481,544,0,544
5490,988,4,992
5494,980,44,1024
5495,0,992,992
5522,92,932,1024
5526,1024,0,1024
5537,1006,18,1024
5538,0,992,992
5539,1024,0,1024
5540,992,0,992
5541,1019,5,1024
5552,1024,0,1024
5555,980,12,992
5563,1024,0,1024
5573,990,2,992
5582,1023,1,1024
5601,991,1,992
5612,778,214,992
5626,438,586,1024
5627,990,2,992
5632,995,29,1024
5638,981,11,992
5653,297,695,992
5662,103,889,992
5663,51,973,1024
5713,1024,0,1024
5718,992,0,992
5742,992,0,992
5747,1024,0,1024
5749,1024,0,1024
5760,961,0,961
5764,828,133,961
5771,0,961,961
5779,992,0,992
5783,992,0,992
5787,992,0,992
5793,142,819,961
5794,0,992,992
5804,992,0,992
5824,984,8,992
5826,992,0,992
5835,992,0,992
5836,961,0,961
5853,959,2,961
5854,992,0,992
5861,0,992,992
5890,739,222,961
5899,928,33,961
5907,0,961,961
5909,0,992,992
5921,979,13,992
5927,278,683,961
5934,989,3,992
5938,944,17,961
5939,727,265,992
5951,961,0,961
5985,961,0,961
5999,992,0,992
6016,961,0,961
6019,992,0,992
6028,744,0,744
6036,0,992,992
6057,1024,0,1024
6065,0,1024,1024
6097,986,6,992
6108,992,0,992
6114,991,1,992
6126,1024,0,1024
6140,938,54,992
6145,988,4,992
6164,487,505,992
6177,0,992,992
6181,976,16,992
6198,904,120,1024
6201,829,163,992
6214,55,937,992
6215,0,1024,1024
6247,1024,0,1024
6268,992,0,992
6280,1024,0,1024
6281,992,0,992
6287,1024,0,1024
6293,1024,0,1024
6319,0,961,961
6337,0,992,992
6368,984,8,992
6377,961,0,961
6389,989,3,992
6407,992,0,992
6415,992,0,992
6425,961,0,961
6431,981,11,992
6438,805,156,961
6441,0,992,992
6445,961,0,961
6461,936,56,992
6489,20,972,992
6495,0,992,992
6500,688,304,992
6502,992,0,992
6524,992,0,992
6545,992,0,992
6550,992,0,992
6577,544,0,544
6591,963,29,992
6596,1024,0,1024
6614,1024,0,1024
6619,992,0,992
6620,940,84,1024
6622,260,764,1024
6627,1024,0,1024
6639,1021,3,1024
6653,1024,0,1024
6681,1017,7,1024
6698,1024,0,1024
6713,705,319,1024
6723,877,115,992
6742,986,6,992
6755,0,992,992
6766,364,628,992
6767,375,649,1024
6772,0,1024,1024
6773,753,239,992
6784,992,0,992
6790,992,0,992
6807,992,0,992
6810,992,0,992
6814,992,0,992
6823,992,0,992
6827,992,0,992
6838,992,0,992
6839,1024,0,1024
6848,1024,0,1024
6862,989,3,992
6874,0,992,992
6879,618,374,992
6883,979,13,992
6896,977,15,992
6922,0,992,992
6947,0,961,961
6986,957,4,961
7014,953,8,961
7036,888,73,961
7038,40,921,961
7041,992,0,992
7044,992,0,992
7048,992,0,992
7052,992,0,992
7054,992,0,992
7072,992,0,992
7091,992,0,992
7115,992,0,992
7140,0,1024,1024
7145,294,698,992
7148,1011,13,1024
7164,1024,0,1024
7179,1024,0,1024
7187,1024,0,1024
7206,992,0,992
7207,1024,0,1024
7215,988,4,992
7243,992,0,992
7259,779,245,1024
7272,0,1024,1024
7291,1021,3,1024
7298,978,46,1024
7299,973,19,992
7301,355,637,992
7316,992,0,992
7319,992,0,992
7329,992,0,992
7332,992,0,992
7336,992,0,992
7352,1024,0,1024
7374,1024,0,1024
7381,992,0,992
7405,870,154,1024
7407,0,1024,1024
7415,0,992,992
7435,1024,0,1024
7444,1024,0,1024
7460,991,1,992
7479,1024,0,1024
7492,1021,3,1024
7493,992,0,992
7501,1024,0,1024
7511,1024,0,1024
7517,990,2,992
7550,1024,0,1024
7553,1024,0,1024
7561,1024,0,1024
7563,0,1024,1024
7566,1018,6,1024
7567,988,4,992
7572,0,1024,1024
7576,0,1024,1024
7580,0,992,992
7588,971,21,992
7590,992,0,992
7594,1024,0,1024
7598,1024,0,1024
7620,1024,0,1024
7629,992,0,992
7634,992,0,992
7637,1024,0,1024
7639,1024,0,1024
7663,1024,0,1024
7666,992,0,992
7675,890,102,992
7691,961,0,961
7705,992,0,992
7732,961,0,961
7737,957,4,961
7744,990,2,992
7755,992,0,992
7757,992,0,992
7759,992,0,992
7798,992,0,992
7862,961,0,961
7872,992,0,992
7878,992,0,992
7888,961,0,961
7896,992,0,992
7900,992,0,992
7921,961,0,961
7926,992,0,992
7929,961,0,961
7940,961,0,961
7947,0,544,544
7950,969,23,992
7959,0,992,992
7970,1024,0,1024
7987,992,0,992
8003,1024,0,1024
8021,0,992,992
8028,992,0,992
8045,992,0,992
8048,1024,0,1024
8049,0,1024,1024
8052,992,0,992
8061,1024,0,1024
8065,992,0,992
8073,992,0,992
8076,934,58,992
8122,0,1024,1024
8132,0,992,992
8135,1024,0,1024
8174,1024,0,1024
8177,992,0,992
8182,992,0,992
8184,992,0,992
8189,1024,0,1024
8205,1024,0,1024
8218,1024,0,1024
8221,0,527,527
8236,973,19,992
8261,961,0,961
8270,0,992,992
8273,992,0,992
8277,992,0,992
8280,961,0,961
8283,982,10,992
8286,887,105,992
8297,926,66,992
8312,992,0,992
8321,961,0,961
8325,992,0,992
8329,992,0,992
8334,961,0,961
8350,891,70,961
8375,992,0,992
8395,944,17,961
8406,929,32,961
8425,961,0,961
8435,992,0,992
8438,961,0,961
8442,992,0,992
8451,961,0,961
8453,992,0,992
8454,961,0,961
8481,992,0,992
8486,961,0,961
8503,0,1024,1024
8514,0,1024,1024
8516,0,1024,1024
8527,1024,0,1024
8529,1024,0,1024
8545,0,1024,1024
8552,988,4,992
8599,1024,0,1024
8610,1024,0,1024
8611,990,2,992
8618,1024,0,1024
8619,992,0,992
8635,964,60,1024
8641,990,2,992
8670,1024,0,1024
8671,990,2,992
8680,992,0,992
8707,1024,0,1024
8728,992,0,992
8739,1024,0,1024
8745,992,0,992
8750,1024,0,1024
8755,1024,0,1024
8757,1024,0,1024
8776,0,961,961
8782,0,992,992
8785,0,961,961
8787,0,961,961
8798,961,0,961
8812,992,0,992
8813,961,0,961
8823,55,937,992
8850,0,961,961
8895,960,1,961
8909,983,9,992
8912,883,109,992
8913,936,25,961
8914,952,40,992
8922,946,46,992
8950,831,130,961
8953,32,960,992
8957,323,669,992
8960,906,55,961
8982,961,0,961
8990,992,0,992
8992,992,0,992
8993,961,0,961
9002,961,0,961
9008,961,0,961
9013,992,0,992
9023,961,0,961
9029,992,0,992
9039,992,0,992
9040,992,0,992
9049,977,47,1024
9058,0,1024,1024
9069,1009,15,1024
9086,1024,0,1024
9091,0,992,992
9092,0,1024,1024
9094,992,0,992
9099,0,1024,1024
9100,955,37,992
9122,0,992,992
9134,1024,0,1024
9138,1024,0,1024
9148,0,992,992
9171,858,166,1024
9187,982,10,992
9193,992,0,992
9196,725,299,1024
9209,997,27,1024
9215,989,3,992
9226,450,542,992
9227,131,893,1024
9241,756,236,992
9244,1005,19,1024
9270,1024,0,1024
9273,992,0,992
9289,992,0,992
9300,1024,0,1024
9302,992,0,992
9335,0,961,961
9348,961,0,961
9375,0,992,992
9386,989,3,992
9398,0,961,961
9408,992,0,992
9417,961,0,961
9424,961,0,961
9430,961,0,961
9433,0,961,961
9434,992,0,992
9451,955,37,992
9456,734,227,961
9461,961,0,961
9473,890,102,992
9475,991,1,992
9486,981,11,992
9488,992,0,992
9495,961,0,961
9512,0,992,992
9516,372,620,992
9542,992,0,992
9547,961,0,961
9552,961,0,961
9566,992,0,992
9585,992,0,992
9597,0,1024,1024
9602,0,1024,1024
9608,0,1024,1024
9613,0,992,992
9623,1024,0,1024
9636,1024,0,1024
9639,987,5,992
9642,992,0,992
9650,0,992,992
9653,1016,8,1024
9657,992,0,992
9667,1024,0,1024
9669,1024,0,1024
9688,995,29,1024
9700,0,992,992
9703,1024,0,1024
9713,992,0,992
9717,940,52,992
9724,990,2,992
9725,991,33,1024
9734,1024,0,1024
9747,960,64,1024
9748,863,129,992
9765,987,5,992
9775,0,1024,1024
9777,1012,12,1024
9783,208,816,1024
9813,992,0,992
9817,992,0,992
9830,992,0,992
9834,992,0,992
9843,992,0,992
9846,1024,0,1024
9866,0,961,961
9883,0,961,961
9887,0,961,961
9893,954,38,992
9904,992,0,992
9919,992,0,992
9922,956,5,961
9928,948,44,992
9940,991,1,992
9944,961,0,961
9964,992,0,992
9967,992,0,992
9979,990,2,992
9990,851,141,992
10003,992,0,992
10023,971,21,992
10026,930,31,961
10028,961,0,961
10030,0,961,961
10051,990,2,992
10056,864,97,961
10073,478,514,992
10090,992,0,992
10092,992,0,992
10100,961,0,961
10106,961,0,961
10111,961,0,961
10112,992,0,992
10113,961,0,961
10120,992,0,992
10125,992,0,992
10134,961,0,961
10142,0,992,992
10146,0,992,992
10156,0,1024,1024
10157,0,992,992
10207,954,38,992
10263,0,992,992
10286,977,47,1024
10300,986,6,992
10312,1022,2,1024
10314,989,35,1024
10323,1024,0,1024
10338,235,789,1024
10344,632,392,1024
10345,0,1024,1024
10354,992,0,992
10393,992,0,992
10418,1,960,961
10437,0,992,992
10460,987,5,992
10468,961,0,961
10475,0,992,992
10477,662,299,961
10488,990,2,992
10507,959,2,961
10523,992,0,992
10537,961,0,961
10541,992,0,992
10543,916,76,992
10546,961,0,961
10560,955,37,992
10581,818,143,961
10589,0,961,961
10616,18,974,992
10625,989,3,992
10627,992,0,992
10651,992,0,992
10668,992,0,992
10682,961,0,961
10703,0,992,992
10715,1,1023,1024
10742,989,3,992
10745,0,1024,1024
10746,992,0,992
10773,1024,0,1024
10791,0,1024,1024
10793,0,1024,1024
10819,1024,0,1024
10820,955,37,992
10825,0,1024,1024
10845,1024,0,1024
10855,989,3,992
10867,929,95,1024
10926,992,0,992
10943,992,0,992
10949,1024,0,1024
10956,992,0,992
10968,0,992,992
10969,33,991,1024
10970,0,992,992
10975,23,969,992
10982,0,1024,1024
11010,1011,13,1024
11020,992,0,992
11022,992,0,992
11058,806,218,1024
11062,1011,13,1024
11085,992,0,992
11092,992,0,992
11105,973,19,992
11108,1017,7,1024
11115,929,95,1024
11116,891,101,992
11147,1018,6,1024
11150,987,5,992
11176,992,0,992
11188,1024,0,1024
11200,992,0,992
11202,992,0,992
11215,992,0,992
11218,1024,0,1024
11251,0,961,961
11252,0,992,992
11257,0,961,961
11294,961,0,961
11297,981,11,992
11309,961,0,961
11310,988,4,992
11321,990,2,992
11323,985,7,992
11325,874,87,961
11347,0,992,992
11365,992,0,992
11388,990,2,992
11403,840,121,961
11408,807,185,992
11425,992,0,992
11426,0,961,961
11431,951,10,961
11440,542,450,992
11442,179,782,961
11463,961,0,961
11474,961,0,961
11488,992,0,992
11517,1002,22,1024
11518,992,0,992
11520,813,211,1024
11523,0,992,992
11554,1005,19,1024
11560,992,0,992
11566,987,5,992
11572,1024,0,1024
11586,448,544,992
11598,1020,4,1024
11609,989,3,992
11642,992,0,992
11664,982,10,992
11666,983,9,992
11671,856,168,1024
11674,968,24,992
11683,766,226,992
11690,763,229,992
11696,992,0,992
11722,0,992,992
11786,243,718,961
11790,5,956,961
11812,961,0,961
11816,961,0,961
11822,992,0,992
11837,990,2,992
11839,992,0,992
11847,961,0,961
11890,957,4,961
11923,990,2,992
11934,992,0,992
11941,989,3,992
11952,894,98,992
11954,992,0,992
11957,949,12,961
11969,0,992,992
11970,0,961,961
11980,980,12,992
11981,905,56,961
11990,151,810,961
11996,250,711,961
12003,182,779,961
12008,945,47,992
12030,992,0,992
12058,0,992,992
12110,992,0,992
12153,0,992,992
12169,0,1024,1024
12173,965,27,992
12190,992,0,992
12205,990,2,992
12207,992,0,992
12237,1015,9,1024
12238,952,40,992
12241,0,1024,1024
12248,978,14,992
12257,988,4,992
12262,287,737,1024
12264,120,872,992
12266,395,597,992
12272,0,992,992
12284,509,515,1024
12299,1024,0,1024
12323,1024,0,1024
12324,992,0,992
12349,55,906,961
12353,0,961,961
12367,989,3,992
12373,961,0,961
12374,0,992,992
12377,0,961,961
12386,0,961,961
12388,961,0,961
12398,992,0,992
12415,991,1,992
12435,982,10,992
12452,992,0,992
12459,992,0,992
12467,992,0,992
12493,986,6,992
12509,702,259,961
12515,0,992,992
12522,950,11,961
12528,970,22,992
12533,876,85,961
12536,258,734,992
12543,218,774,992
12571,680,312,992
12573,293,699,992
12593,992,0,992
12594,961,0,961
12606,0,992,992
12619,1,991,992
12626,0,1024,1024
12636,992,0,992
12641,1024,0,1024
12643,992,0,992
12646,1024,0,1024
12657,1024,0,1024
12706,1012,12,1024
12713,1024,0,1024
12721,992,0,992
12723,978,14,992
12728,1017,7,1024
12753,957,35,992
12758,0,1024,1024
12770,979,13,992
12800,229,795,1024
12801,243,749,992
12808,113,911,1024
12811,836,188,1024
12816,951,41,992
12820,0,992,992
12822,992,0,992
12823,776,248,1024
12826,181,843,1024
12837,494,530,1024
12850,1024,0,1024
12866,992,0,992
12909,976,16,992
12914,961,0,961
12921,961,0,961
12937,992,0,992
12942,992,0,992
12943,961,0,961
12951,950,11,961
12960,961,0,961
12964,961,0,961
12982,961,0,961
12986,961,0,961
12998,983,9,992
13009,992,0,992
13012,833,128,961
13017,948,44,992
13018,960,1,961
13036,961,0,961
13043,958,34,992
13065,955,37,992
13068,961,0,961
13085,599,393,992
13092,418,543,961
13119,751,241,992
13134,992,0,992
13143,992,0,992
13146,961,0,961
13148,961,0,961
13151,961,0,961
13181,901,123,1024
13182,0,992,992
13193,992,0,992
13212,992,0,992
13219,0,992,992
13240,992,0,992
13243,992,0,992
13259,1024,0,1024
13260,992,0,992
13285,1004,20,1024
13287,0,1024,1024
13293,1024,0,1024
13294,1024,0,1024
13295,980,12,992
13297,874,118,992
13304,636,388,1024
13305,894,98,992
13309,1024,0,1024
13321,775,217,992
13324,853,171,1024
13326,237,787,1024
13333,400,624,1024
13335,0,1024,1024
13351,889,103,992
13364,992,0,992
13383,324,668,992
13393,1005,19,1024
13397,396,628,1024
13400,0,1024,1024
13404,1010,14,1024
13412,992,0,992
13446,0,992,992
13470,992,0,992
13488,961,0,961
13490,992,0,992
13491,961,0,961
13493,944,17,961
13501,953,8,961
13508,0,961,961
13533,992,0,992
13567,992,0,992
13573,654,307,961
13582,942,19,961
13584,961,0,961
13595,623,338,961
13604,578,414,992
13639,0,992,992
13647,149,812,961
13649,114,847,961
13662,731,230,961
13668,946,15,961
13693,992,0,992
13694,961,0,961
13703,0,1024,1024
13706,0,992,992
13731,0,1024,1024
13743,990,2,992
13762,992,0,992
13764,1024,0,1024
13785,992,32,1024
13792,1024,0,1024
13793,990,2,992
13811,0,1024,1024
13818,1007,17,1024
13855,1024,0,1024
13856,992,0,992
13865,792,232,1024
13867,1021,3,1024
13885,974,50,1024
13894,936,88,1024
13900,1024,0,1024
13918,992,0,992
13928,0,1024,1024
13944,0,992,992
13947,0,992,992
13953,1,991,992
13976,955,6,961
13984,951,10,961
14012,976,16,992
14015,961,0,961
14023,0,961,961
14044,987,5,992
14050,680,312,992
14058,958,3,961
14084,961,0,961
14102,12,980,992
14105,987,5,992
14133,926,66,992
14139,911,81,992
14146,924,68,992
14154,976,16,992
14156,867,94,961
14158,873,88,961
14167,973,19,992
14168,982,10,992
14189,177,815,992
14249,0,544,544
14253,0,1024,1024
14257,1024,0,1024
14277,0,1024,1024
14279,5,1019,1024
14280,0,992,992
14284,0,992,992
14334,990,2,992
14354,992,0,992
14363,0,1024,1024
14371,0,992,992
14391,992,0,992
14406,964,28,992
14416,689,335,1024
14425,924,68,992
14430,982,10,992
14447,880,112,992
14452,0,1024,1024
14463,97,927,1024
14466,992,0,992
14480,1023,1,1024
14482,949,43,992
14491,0,1024,1024
14496,0,1024,1024
14507,1024,0,1024
14514,992,0,992
14516,992,0,992
14518,992,0,992
14525,0,1024,1024
14533,0,1024,1024
14567,981,11,992
14570,1024,0,1024
14576,992,0,992
14610,992,0,992
14617,992,0,992
14630,0,992,992
14632,992,0,992
14637,0,1024,1024
14665,982,10,992
14673,511,481,992
14674,757,267,1024
14680,992,0,992
14702,0,1024,1024
14706,973,19,992
14734,0,992,992
14753,982,10,992
14756,193,799,992
14772,0,1024,1024
14787,1024,0,1024
14820,49,943,992
14869,961,0,961
14883,988,4,992
14896,992,0,992
14906,961,0,961
14907,992,0,992
14925,992,0,992
14928,926,35,961
14932,901,60,961
14944,765,227,992
14945,933,28,961
14968,758,234,992
14972,962,30,992
14988,942,19,961
14992,960,32,992
14997,933,28,961
14998,0,992,992
15029,42,950,992
15042,562,430,992
15076,0,992,992
15103,0,1024,1024
15109,0,992,992
15125,1024,0,1024
15128,988,4,992
15135,0,992,992
15137,966,26,992
15144,1024,0,1024
15170,1024,0,1024
15174,992,0,992
15200,992,0,992
15205,0,1024,1024
15258,992,0,992
15260,991,1,992
15269,952,40,992
15272,1011,13,1024
15307,1020,4,1024
15313,0,1024,1024
15318,277,747,1024
15344,768,0,768
15378,0,961,961
15389,0,961,961
15394,851,141,992
15401,992,0,992
15405,992,0,992
15470,992,0,992
15477,871,121,992
15478,897,64,961
15505,929,63,992
15519,0,961,961
15526,0,961,961
15552,211,750,961
15567,955,6,961
15590,934,58,992
15600,64,928,992
15610,961,0,961
15615,992,0,992
15617,961,0,961
15629,0,1024,1024
15651,0,1024,1024
15654,0,992,992
15666,0,1024,1024
15709,992,0,992
15718,981,43,1024
15740,1024,0,1024
15750,885,107,992
15772,940,84,1024
15784,981,11,992
15788,0,1024,1024
15794,1020,4,1024
15799,0,1024,1024
15800,0,992,992
15853,1000,24,1024
15864,86,938,1024
15874,338,686,1024
15891,992,0,992
15895,801,191,992
15924,0,961,961
15928,0,961,961
15943,992,0,992
15948,960,1,961
15956,0,992,992
15970,961,0,961
15975,992,0,992
16000,961,0,961
16001,992,0,992
16009,961,0,961
16023,0,992,992
16024,961,0,961
16031,992,0,992
16045,961,0,961
16048,559,402,961
16062,0,992,992
16072,978,14,992
16083,973,19,992
16087,961,0,961
16100,896,65,961
16130,0,961,961
16133,129,863,992
16151,573,419,992
16167,0,544,544
16184,0,1024,1024
16188,0,1024,1024
16213,0,992,992
16216,960,64,1024
16232,1024,0,1024
16259,992,0,992
16260,1024,0,1024
16272,992,0,992
16292,1024,0,1024
16299,1024,0,1024
16303,984,40,1024
16315,940,52,992
16337,958,34,992
16342,983,41,1024
16348,935,57,992
16349,691,333,1024
16362,901,123,1024
16363,871,121,992
16376,936,56,992
16378,989,3,992
16383,1024,0,1024
16394,1015,9,1024
16407,1021,3,1024
16409,217,807,1024
16419,288,704,992
16421,65,927,992
16426,493,499,992
16431,0,1024,1024
16445,0,992,992
16447,0,992,992
16459,76,885,961
16520,960,1,961
16529,992,0,992
16546,961,0,961
16548,961,0,961
16555,992,0,992
16556,992,0,992
16570,0,961,961
16593,0,961,961
16611,917,44,961
16613,863,98,961
16633,990,2,992
16649,922,70,992
16657,0,992,992
16675,992,0,992
16725,1,1023,1024
16729,0,992,992
16749,0,1024,1024
16750,21,971,992
16756,0,1024,1024
16771,1024,0,1024
16773,967,57,1024
16813,991,1,992
16824,992,0,992
16827,1024,0,1024
16833,992,0,992
16841,987,5,992
16848,992,0,992
16856,531,493,1024
16860,957,67,1024
16896,921,71,992
16912,0,1024,1024
16915,0,992,992
16950,983,9,992
16981,0,1024,1024
16983,1024,0,1024
16989,1,526,527
17001,0,961,961
17018,0,961,961
17042,958,3,961
17099,992,0,992
17108,991,1,992
17110,992,0,992
17119,992,0,992
17140,0,992,992
17141,954,7,961
17151,899,93,992
17225,992,0,992
17245,329,632,961
17246,523,469,992
17256,0,961,961
17279,11,981,992
17306,2,1022,1024
17312,1024,0,1024
17315,1024,0,1024
17328,1024,0,1024
17334,1023,1,1024
17336,1024,0,1024
17342,992,0,992
17350,992,0,992
17394,992,0,992
17397,998,26,1024
17400,992,0,992
17401,1024,0,1024
17411,851,141,992
17414,1018,6,1024
17417,0,1024,1024
17420,0,992,992
17423,436,588,1024
17436,476,548,1024
17449,990,34,1024
17463,978,14,992
17464,1010,14,1024
17472,0,992,992
17487,992,0,992
17512,991,33,1024
17522,289,703,992
17523,318,706,1024
17528,0,992,992
17532,0,992,992
17533,1024,0,1024
17543,10,982,992
17545,4,988,992
17562,0,961,961
17565,0,992,992
17571,0,992,992
17575,5,956,961
17584,989,3,992
17590,961,0,961
17604,0,992,992
17610,992,0,992
17617,992,0,992
17620,961,0,961
17633,0,961,961
17646,961,0,961
17656,992,0,992
17668,840,121,961
17677,0,992,992
17701,987,5,992
17706,576,416,992
17709,763,198,961
17713,765,196,961
17716,922,70,992
17719,992,0,992
17731,551,410,961
17741,5,956,961
17743,991,1,992
17752,11,950,961
17757,941,20,961
17768,992,0,992
17769,992,0,992
17781,55,937,992
17783,810,151,961
17797,182,810,992
17808,0,992,992
17826,0,1024,1024
17859,938,54,992
17868,989,3,992
17893,1024,0,1024
17898,992,0,992
17907,992,0,992
17914,0,992,992
17915,1024,0,1024
17934,1024,0,1024
17946,974,18,992
17955,992,0,992
17998,964,28,992
18000,957,35,992
18019,1024,0,1024
18020,984,8,992
18035,990,2,992
18036,1024,0,1024
18057,0,992,992
18073,346,678,1024
18076,0,992,992
18079,6,1018,1024
18091,144,880,1024
18093,0,1024,1024
18094,95,897,992
18110,0,992,992
18117,0,1024,1024
18129,0,992,992
18144,987,5,992
18145,1024,0,1024
18207,992,0,992
18208,1024,0,1024
18232,1024,0,1024
18241,945,79,1024
18250,935,57,992
18265,920,104,1024
18281,987,5,992
18289,991,1,992
18297,0,1024,1024
18301,40,984,1024
18338,280,744,1024
18345,186,838,1024
18355,0,1024,1024
18360,2,959,961
18376,0,992,992
18381,0,961,961
18383,0,992,992
18410,961,0,961
18421,992,0,992
18426,989,3,992
18427,940,21,961
18430,978,14,992
18435,990,2,992
18450,991,1,992
18459,961,0,961
18502,975,17,992
18518,930,31,961
18519,0,992,992
18531,344,617,961
18532,528,464,992
18550,949,12,961
18589,843,118,961
18592,909,52,961
18603,977,15,992
18604,968,24,992
18625,0,992,992
18632,0,744,744
18646,0,1024,1024
18652,0,1024,1024
18656,0,1024,1024
18660,0,992,992
18661,0,1024,1024
18666,0,992,992
18681,992,0,992
18682,1024,0,1024
18700,1005,19,1024
18702,1024,0,1024
18719,1014,10,1024
18721,1024,0,1024
18722,1024,0,1024
18736,985,7,992
18739,1024,0,1024
18751,988,4,992
18770,992,0,992
18776,1024,0,1024
18788,640,352,992
18797,1024,0,1024
18798,981,11,992
18806,143,881,1024
18808,0,1024,1024
18825,779,245,1024
18827,992,0,992
18839,0,1024,1024
18876,992,0,992
18913,0,992,992
18916,0,961,961
18923,0,961,961
18934,0,961,961
18943,0,992,992
18969,976,16,992
18970,977,15,992
18982,975,17,992
19023,961,0,961
19031,954,7,961
19040,961,0,961
19044,943,18,961
19047,968,24,992
19054,992,0,992
19064,957,4,961
19073,958,34,992
19102,985,7,992
19110,0,992,992
19121,980,12,992
19125,950,42,992
19172,0,961,961
19178,973,19,992
19192,0,1024,1024
19199,975,17,992
19222,0,1024,1024
19259,1002,22,1024
19273,958,34,992
19278,982,42,1024
19293,1020,4,1024
19324,1024,0,1024
19428,1022,2,1024
19430,840,184,1024
19436,1003,21,1024
19439,1024,0,1024
19451,1024,0,1024
19478,922,70,992
19480,0,961,961
19488,0,961,961
19543,0,992,992
19545,947,14,961
19549,960,1,961
19558,890,71,961
19564,956,5,961
19569,992,0,992
19592,961,0,961
19599,959,2,961
19609,985,7,992
19615,962,30,992
19617,971,21,992
19632,992,0,992
19640,916,45,961
19643,985,7,992
19657,0,961,961
19668,24,937,961
19670,961,0,961
19676,793,199,992
19689,992,0,992
19709,951,10,961
19729,156,388,544
19742,0,1024,1024
19746,756,268,1024
19747,818,174,992
19750,1020,4,1024
19757,0,1024,1024
19761,0,1024,1024
19769,0,992,992
19773,0,992,992
19781,0,1024,1024
19782,865,127,992
19867,994,30,1024
19872,924,100,1024
19874,1011,13,1024
19921,992,32,1024
19924,0,1024,1024
19926,1024,0,1024
19929,990,2,992
19934,1002,22,1024
19952,979,45,1024
19957,901,91,992
19958,997,27,1024
19959,898,94,992
19965,1024,0,1024
19983,981,11,992
20006,0,961,961
20035,0,992,992
20055,0,992,992
20057,817,175,992
20058,948,13,961
20071,0,961,961
20082,959,2,961
20091,0,992,992
20116,961,0,961
20124,992,0,992
20125,957,4,961
20140,905,56,961
20147,917,44,961
20163,992,0,992
20180,0,992,992
20190,0,961,961
20202,0,992,992
20214,0,961,961
20232,812,180,992
20244,611,350,961
20261,985,7,992
20264,945,16,961
20299,0,992,992
20319,0,992,992
20320,0,1024,1024
20323,989,3,992
20333,968,56,1024
20337,1024,0,1024
20345,0,992,992
20352,0,1024,1024
20372,1024,0,1024
20389,1024,0,1024
20396,1024,0,1024
20408,992,0,992
20414,977,15,992
20421,0,992,992
20423,987,5,992
20432,990,2,992
20434,992,0,992
20447,963,29,992
20487,7,1017,1024
20488,678,314,992
20490,973,19,992
20498,1022,2,1024
20502,804,220,1024
20522,773,251,1024
20525,972,20,992
20527,969,23,992
20547,0,1024,1024
20582,0,961,961
20587,0,992,992
20591,0,961,961
20593,0,961,961
20603,0,992,992
20607,984,8,992
20610,956,5,961
20631,991,1,992
20657,980,12,992
20658,961,0,961
20663,992,0,992
20668,992,0,992
20675,961,0,961
20682,961,0,961
20697,954,7,961
20705,866,126,992
20708,944,17,961
20712,914,47,961
20719,961,0,961
20723,914,47,961
20743,946,46,992
20746,923,69,992
20756,162,830,992
20764,0,961,961
20803,937,24,961
20824,0,744,744
20828,0,992,992
20846,1024,0,1024
20859,0,1024,1024
20863,0,992,992
20893,1,991,992
20895,0,992,992
20903,990,34,1024
20934,990,2,992
20950,1001,23,1024
20960,0,992,992
20970,963,61,1024
20974,1024,0,1024
20986,0,992,992
21013,965,59,1024
21023,974,18,992
21024,0,1024,1024
21044,0,1024,1024
21064,992,0,992
21073,883,109,992
21079,905,87,992
21083,939,85,1024
21109,0,992,992
21113,0,961,961
21121,961,0,961
21125,992,0,992
21150,0,961,961
21164,0,992,992
21170,0,992,992
21175,0,992,992
21178,0,961,961
21234,961,0,961
21244,992,0,992
21248,992,0,992
21255,982,10,992
21260,0,961,961
21294,0,992,992
21309,0,992,992
21322,984,8,992
21324,719,273,992
21327,502,459,961
21361,992,0,992
21380,992,0,992
21381,1024,0,1024
21385,0,992,992
21389,705,287,992
21390,777,247,1024
21392,1024,0,1024
21393,992,0,992
21397,995,29,1024
21399,1024,0,1024
21415,0,992,992
21433,138,886,1024
21453,1024,0,1024
21455,1024,0,1024
21456,992,0,992
21468,1024,0,1024
21492,1024,0,1024
21497,958,34,992
21514,1010,14,1024
21520,1024,0,1024
21524,1024,0,1024
21542,964,60,1024
21549,0,992,992
21555,915,109,1024
21558,957,35,992
21583,0,1024,1024
21589,99,925,1024
21591,511,513,1024
21596,5,1019,1024
21604,999,25,1024
21605,1024,0,1024
21609,0,1024,1024
21627,983,9,992
21635,1005,19,1024
21641,1024,0,1024
21646,0,768,768
21669,986,6,992
21688,0,1024,1024
21693,934,58,992
21708,0,992,992
21733,0,1024,1024
21759,793,231,1024
21762,280,744,1024
21768,1024,0,1024
21775,1007,17,1024
21792,1013,11,1024
21831,1020,4,1024
21836,0,992,992
21846,309,715,1024
21875,594,398,992
21877,559,433,992
21878,1022,2,1024
21922,961,0,961
21967,889,72,961
21973,6,986,992
21976,1,960,961
21990,0,992,992
22006,2,959,961
22007,3,989,992
22020,0,992,992
22022,57,935,992
22041,956,5,961
22042,992,0,992
22043,961,0,961
22046,992,0,992
22047,961,0,961
22061,992,0,992
22065,961,0,961
22071,961,0,961
22076,961,0,961
22080,705,256,961
22098,925,67,992
22141,867,94,961
22142,400,592,992
22178,992,0,992
22190,959,2,961
22209,409,583,992
22212,0,1024,1024
22220,992,0,992
22229,987,37,1024
22235,985,7,992
22238,1024,0,1024
22240,1024,0,1024
22241,992,0,992
22248,0,992,992
22261,0,992,992
22263,3,989,992
22276,992,0,992
22302,719,273,992
22340,1024,0,1024
22347,992,0,992
22363,992,0,992
22364,944,80,1024
22365,970,22,992
22377,1001,23,1024
22411,0,1024,1024
22426,386,638,1024
22433,0,1024,1024
22473,992,0,992
22514,992,0,992
22521,982,10,992
22524,0,961,961
22551,0,992,992
22578,961,0,961
22580,890,71,961
22585,961,0,961
22599,887,105,992
22604,961,0,961
22631,654,338,992
22655,992,0,992
22658,0,961,961
22669,124,837,961
22671,323,638,961
22673,129,832,961
22683,0,992,992
22691,553,408,961
22692,717,275,992
22694,0,992,992
22697,597,364,961
22741,44,917,961
22772,992,0,992
22808,0,1024,1024
22820,992,0,992
22826,0,992,992
22827,0,1024,1024
22829,0,1024,1024
22836,4,1020,1024
22840,0,1024,1024
22871,968,56,1024
22877,1023,1,1024
22891,992,0,992
22896,0,1024,1024
22911,987,5,992
22912,1021,3,1024
22913,885,107,992
22923,1024,0,1024
22943,361,631,992
22952,12,980,992
22953,17,1007,1024
22955,2,1022,1024
22956,65,927,992
22987,998,26,1024
23016,136,632,768
23041,475,517,992
23056,0,992,992
23082,2,990,992
23097,0,992,992
23106,0,992,992
23110,0,992,992
23114,0,992,992
23130,0,961,961
23141,961,0,961
23149,992,0,992
23170,992,0,992
23205,0,992,992
23226,108,853,961
23228,917,44,961
23259,0,992,992
23265,961,0,961
23269,550,411,961
23270,668,324,992
23284,961,0,961
23297,1024,0,1024
23300,992,0,992
23307,988,4,992
23308,62,962,1024
23319,1020,4,1024
23350,0,992,992
23379,46,978,1024
23396,0,992,992
23410,1019,5,1024
23431,1024,0,1024
23435,0,992,992
23438,1007,17,1024
23447,1024,0,1024
23462,1024,0,1024
23467,908,84,992
23479,812,212,1024
23487,0,992,992
23498,4,988,992
23501,811,213,1024
23509,11,1013,1024
23510,392,632,1024
23531,0,1024,1024
23543,945,47,992
23550,988,4,992
23562,16,1008,1024
23575,992,0,992
23589,823,169,992
23609,961,0,961
23622,0,961,961
23627,0,992,992
23640,0,992,992
23644,961,0,961
23658,221,771,992
23676,1,960,961
23679,0,992,992
23691,950,11,961
23696,0,961,961
23711,66,895,961
23736,970,22,992
23742,846,146,992
23753,988,4,992
23765,133,828,961
23784,56,936,992
23785,134,827,961
23787,961,0,961
23788,992,0,992
23795,946,15,961
23814,977,15,992
23815,961,0,961
23821,958,3,961
23826,957,4,961
23828,952,9,961
23831,992,0,992
23850,1024,0,1024
23853,992,0,992
23879,0,992,992
23893,1024,0,1024
23901,1005,19,1024
23908,0,1024,1024
23923,993,31,1024
23931,0,992,992
23945,0,1024,1024
23948,0,992,992
23966,1001,23,1024
23967,886,138,1024
23977,1024,0,1024
23983,0,992,992
23991,992,0,992
24004,992,0,992
24011,0,992,992
24031,1009,15,1024
24042,0,1024,1024
24069,916,76,992
24082,972,20,992
24117,992,0,992
24120,961,0,961
24136,1,991,992
24147,612,380,992
24149,0,992,992
24157,961,0,961
24158,977,15,992
24160,992,0,992
24163,992,0,992
24164,961,0,961
24189,0,992,992
24204,0,992,992
24213,0,961,961
24228,0,992,992
24239,0,961,961
24253,990,2,992
24258,0,992,992
24261,390,571,961
24265,0,961,961
24267,0,992,992
24273,958,34,992
24291,0,961,961
24293,0,992,992
24294,0,961,961
24295,0,992,992
24309,46,915,961
24313,353,608,961
24338,992,0,992
24345,782,210,992
24350,116,845,961
24380,957,4,961
24382,865,96,961
24391,1024,0,1024
24396,896,96,992
24424,0,1024,1024
24456,0,1024,1024
24484,0,1024,1024
24489,0,1024,1024
24496,4,988,992
24502,364,660,1024
24520,989,3,992
24525,255,769,1024
24526,28,964,992
24531,968,24,992
24543,1024,0,1024
24545,1013,11,1024
24547,1014,10,1024
24553,1011,13,1024
24558,0,1024,1024
24575,40,984,1024
24581,92,900,992
24591,649,343,992
24599,677,347,1024
24605,1024,0,1024
24619,1024,0,1024
24625,629,395,1024
24639,992,0,992
24640,1024,0,1024
24642,1022,2,1024
24643,987,5,992
24673,961,0,961
24676,988,4,992
24690,681,280,961
24692,539,422,961
24718,810,151,961
24722,0,961,961
24732,0,992,992
24740,1,960,961
24779,958,3,961
24796,952,9,961
24806,0,992,992
24809,170,791,961
24810,290,702,992
24812,2,990,992
24814,0,992,992
24820,961,0,961
24829,0,961,961
24835,0,961,961
24854,992,0,992
24859,184,777,961
24863,957,4,961
24887,961,0,961
24888,992,0,992
24891,956,5,961
24912,991,1,992
24920,961,0,961
24946,1024,0,1024
24962,0,992,992
24984,0,1024,1024
25005,0,992,992
25021,12,1012,1024
25024,1005,19,1024
25029,992,0,992
25032,0,1024,1024
25043,1013,11,1024
25046,950,42,992
25057,989,3,992
25072,984,8,992
25077,992,0,992
25088,1022,2,1024
25095,1024,0,1024
25109,37,955,992
25118,930,62,992
25119,989,35,1024
25121,1024,0,1024
25138,1021,3,1024
25142,0,992,992
25167,1024,0,1024
25173,640,384,1024
25180,811,213,1024
25181,860,132,992
25222,1024,0,1024
25236,0,992,992
25244,916,76,992
25281,2,990,992
25289,0,1024,1024
25291,999,25,1024
25328,1019,5,1024
25335,0,992,992
25340,44,948,992
25346,992,0,992
25351,992,0,992
25355,0,992,992
25359,992,0,992
25370,981,11,992
25412,966,58,1024
25413,0,992,992
25422,90,902,992
25426,663,329,992
25430,421,603,1024
25431,318,674,992
25452,629,363,992
25465,944,48,992
25469,1024,0,1024
25478,992,0,992
25519,815,177,992
25525,958,3,961
25552,0,992,992
25554,0,992,992
25557,0,961,961
25579,0,961,961
25592,940,21,961
25593,992,0,992
25597,992,0,992
25604,992,0,992
25619,897,95,992
25634,992,0,992
25637,992,0,992
25653,936,25,961
25666,0,961,961
25682,0,992,992
25684,758,234,992
25685,168,793,961
25694,48,913,961
25714,31,961,992
25715,172,820,992
25717,449,543,992
25735,841,120,961
25744,958,3,961
25753,586,406,992
25754,590,402,992
25755,0,961,961
25758,992,0,992
25759,1024,0,1024
25765,1024,0,1024
25776,1024,0,1024
25778,979,45,1024
25779,836,156,992
25793,1005,19,1024
25811,1024,0,1024
25814,990,2,992
25819,0,1024,1024
25827,0,992,992
25842,0,992,992
25876,1024,0,1024
25891,0,1024,1024
25892,0,992,992
25903,0,992,992
25905,987,5,992
25906,1024,0,1024
25943,0,1024,1024
25964,23,969,992
25970,44,948,992
25984,0,1024,1024
26033,992,0,992
26035,992,0,992
26053,916,45,961
26070,934,58,992
26078,341,651,992
26111,0,992,992
26113,0,992,992
26127,0,961,961
26130,0,992,992
26148,992,0,992
26157,961,0,961
26161,992,0,992
26165,961,31,992
26169,145,847,992
26211,605,387,992
26220,961,0,961
26227,0,961,961
26229,0,961,961
26248,0,961,961
26252,126,866,992
26282,969,23,992
26291,992,0,992
26294,961,0,961
26296,958,3,961
26298,0,961,961
26307,1024,0,1024
26324,1024,0,1024
26325,992,0,992
26326,1024,0,1024
26329,1024,0,1024
26333,0,1024,1024
26341,0,1024,1024
26361,1015,9,1024
26403,0,992,992
26436,0,992,992
26439,1022,2,1024
26486,0,992,992
26491,1024,0,1024
26492,992,0,992
26494,966,26,992
26512,13,979,992
26514,599,393,992
26535,0,992,992
26537,0,1024,1024
26542,0,992,992
26544,453,539,992
26593,961,0,961
26620,448,544,992
26624,992,0,992
26630,961,0,961
26650,0,992,992
26681,989,3,992
26690,961,0,961
26714,961,0,961
26720,0,992,992
26731,872,89,961
26753,890,71,961
26788,334,627,961
26809,0,961,961
26820,454,507,961
26827,897,64,961
26829,150,811,961
26835,8,953,961
26879,1024,0,1024
26890,568,456,1024
26894,1024,0,1024
26908,0,992,992
26927,0,992,992
26930,0,992,992
26941,0,1024,1024
26945,0,992,992
26958,992,0,992
26959,1024,0,1024
26982,0,992,992
27005,612,380,992
27007,0,1024,1024
27012,0,992,992
27035,955,69,1024
27056,0,1024,1024
27058,0,1024,1024
27061,195,829,1024
27072,1006,18,1024
27112,973,19,992
27135,992,0,992
27138,992,0,992
27149,961,0,961
27165,961,0,961
27174,992,0,992
27176,0,992,992
27203,0,992,992
27231,926,66,992
27234,961,0,961
27245,961,0,961
27247,961,0,961
27269,0,961,961
27277,86,875,961
27288,823,138,961
27300,814,178,992
27306,882,110,992
27317,990,2,992
27325,956,5,961
27334,227,734,961
27335,80,912,992
27342,961,0,961
27351,155,806,961
27352,4,988,992
27370,0,961,961
27371,0,992,992
27392,961,0,961
27411,1024,0,1024
27419,992,0,992
27422,1024,0,1024
27437,1024,0,1024
27438,1024,0,1024
27450,1024,0,1024
27451,629,395,1024
27454,331,661,992
27468,1014,10,1024
27478,4,988,992
27484,0,992,992
27490,0,1024,1024
27494,0,1024,1024
27517,992,0,992
27526,976,48,1024
27531,1024,0,1024
27533,1024,0,1024
27542,0,1024,1024
27567,1023,1,1024
27573,992,0,992
27585,1024,0,1024
27598,0,1024,1024
27599,0,992,992
27628,0,1024,1024
27629,6,986,992
27637,0,1024,1024
27640,64,928,992
27643,1011,13,1024
27651,26,966,992
27657,992,0,992
27684,961,0,961
27689,961,0,961
27700,961,0,961
27704,935,26,961
27705,970,22,992
27710,961,0,961
27723,961,0,961
27726,936,25,961
27728,961,0,961
27729,992,0,992
27739,929,32,961
27743,961,0,961
27754,0,961,961
27756,0,961,961
27772,0,992,992
27788,956,5,961
27793,950,11,961
27795,936,25,961
27819,24,937,961
27828,0,992,992
27831,46,946,992
27847,939,22,961
27850,991,1,992
27856,0,961,961
27858,961,0,961
27864,883,78,961
27872,0,992,992
27881,5,987,992
27882,21,940,961
27911,1,991,992
27921,960,1,961
27930,984,8,992
27945,992,0,992
27960,1024,0,1024
27988,996,28,1024
27996,1024,0,1024
28002,992,0,992
28005,119,905,1024
28007,0,1024,1024
28010,986,6,992
28017,983,9,992
28019,0,992,992
28021,601,391,992
28031,0,1024,1024
28044,1024,0,1024
28071,992,0,992
28084,992,0,992
28100,375,649,1024
28107,538,486,1024
28127,989,3,992
28145,915,77,992
28151,348,644,992
28153,5,987,992
28160,0,992,992
28174,0,1024,1024
28184,0,992,992
28217,1007,17,1024
28220,1024,0,1024
28221,992,0,992
28222,768,0,768
28245,961,0,961
28290,948,44,992
28296,984,8,992
28303,412,580,992
28322,2,990,992
28327,992,0,992
28348,973,19,992
28367,145,816,961
28369,482,479,961
28385,953,39,992
28406,934,27,961
28408,933,28,961
28409,992,0,992
28414,0,961,961
28415,0,992,992
28418,0,992,992
28432,907,54,961
28434,835,126,961
28449,0,961,961
28459,0,992,992
28467,982,10,992
28486,930,31,961
28487,907,85,992
28499,1024,0,1024
28501,1024,0,1024
28511,992,0,992
28515,992,0,992
28524,992,0,992
28534,1024,0,1024
28540,834,190,1024
28553,0,1024,1024
28572,1024,0,1024
28589,0,992,992
28590,0,1024,1024
28594,0,1024,1024
28605,1024,0,1024
28611,985,39,1024
28614,1024,0,1024
28624,1024,0,1024
28630,992,0,992
28632,0,992,992
28640,521,503,1024
28650,0,1024,1024
28659,1005,19,1024
28663,1018,6,1024
28678,992,0,992
28724,0,1024,1024
28731,1018,6,1024
28735,112,912,1024
28746,1024,0,1024
28747,977,15,992
28753,992,0,992
28762,989,3,992
28779,1024,0,1024
28789,992,0,992
28796,992,0,992
28810,1024,0,1024
28817,992,0,992
28847,1024,0,1024
28852,992,0,992
28857,0,1024,1024
28862,0,1024,1024
28882,952,40,992
28900,991,1,992
28922,63,961,1024
28923,0,992,992
28924,0,1024,1024
28925,513,511,1024
28928,423,569,992
28942,1013,11,1024
28944,1024,0,1024
28949,0,992,992
28959,1017,7,1024
28961,0,1024,1024
28975,43,949,992
28982,985,7,992
28986,989,3,992
29007,981,43,1024
29020,1020,4,1024
29027,982,10,992
29031,1024,0,1024
29072,961,0,961
29076,961,0,961
29079,992,0,992
29085,961,0,961
29088,992,0,992
29101,676,316,992
29102,0,961,961
29127,992,0,992
29131,0,992,992
29151,925,67,992
29157,991,1,992
29166,992,0,992
29183,470,522,992
29191,31,930,961
29196,0,992,992
29201,0,992,992
29212,992,0,992
29218,991,1,992
29221,960,1,961
29229,814,178,992
29236,0,961,961
29243,509,452,961
29244,609,383,992
29251,44,948,992
29266,992,0,992
29277,959,33,992
29284,0,961,961
29314,955,6,961
29317,961,0,961
29320,992,0,992
29334,1024,0,1024
29357,992,0,992
29359,992,0,992
29405,0,1024,1024
29408,0,1024,1024
29415,0,992,992
29417,0,992,992
29430,916,76,992
29476,0,992,992
29478,0,992,992
29482,0,992,992
29483,1024,0,1024
29488,1014,10,1024
29497,915,77,992
29504,139,853,992
29525,92,932,1024
29537,1024,0,1024
29541,992,0,992
29549,0,992,992
29556,0,992,992
29564,1021,3,1024
29569,975,17,992
29584,983,9,992
29585,1014,10,1024
29601,992,0,992
29617,879,113,992
29621,992,0,992
29623,992,0,992
29638,992,0,992
29651,0,992,992
29669,992,0,992
29687,0,961,961
29694,839,153,992
29714,992,0,992
29719,961,0,961
29727,990,2,992
29734,23,969,992
29761,953,8,961
29768,935,57,992
29775,992,0,992
29778,131,830,961
29782,0,961,961
29793,0,961,961
29822,0,992,992
29824,0,992,992
29827,0,992,992
29840,958,34,992
29857,968,24,992
29864,978,14,992
29875,1024,0,1024
29879,992,0,992
29887,992,0,992
29898,992,0,992
29900,992,0,992
29909,992,0,992
29913,992,0,992
29915,992,0,992
29933,0,992,992
29939,0,992,992
29954,0,992,992
29960,1024,0,1024
29961,0,992,992
29962,0,1024,1024
29964,0,1024,1024
29974,3,989,992
29976,1,991,992
29991,989,3,992
30006,970,22,992
30011,627,365,992
30014,654,370,1024
30021,96,928,1024
30050,992,0,992
30062,0,1024,1024
30069,14,978,992
30070,15,1009,1024
30076,27,965,992
30091,906,86,992
30093,975,17,992
30096,837,187,1024
30098,0,1024,1024
30101,0,1024,1024
30108,109,883,992
30116,977,47,1024
30122,1024,0,1024
30124,0,1024,1024
30143,992,0,992
30157,961,0,961
30159,961,0,961
30161,961,0,961
30174,961,0,961
30175,992,0,992
30179,961,0,961
30190,992,0,992
30194,961,0,961
30224,961,0,961
30264,992,0,992
30287,7,954,961
30322,953,8,961
30325,924,68,992
30328,0,961,961
30349,162,830,992
30350,31,930,961
30351,22,970,992
30381,115,877,992
30387,961,0,961
30408,961,0,961
30435,992,0,992
30438,1024,0,1024
30439,1024,0,1024
30473,1024,0,1024
30485,324,668,992
30489,992,0,992
30508,0,1024,1024
30517,364,660,1024
30538,1024,0,1024
30545,1024,0,1024
30547,1024,0,1024
30568,110,914,1024
30572,416,576,992
30583,990,2,992
30591,701,291,992
30593,965,27,992
30605,210,814,1024
30617,40,952,992
30627,0,1024,1024
30645,895,97,992
30650,0,992,992
30672,1024,0,1024
30681,1024,0,1024
30686,1024,0,1024
30693,992,0,992
30698,961,0,961
30699,992,0,992
30702,992,0,992
30703,961,0,961
30720,923,38,961
30734,992,0,992
30751,886,106,992
30760,720,272,992
30767,992,0,992
30777,982,10,992
30779,961,0,961
30787,15,946,961
30822,951,10,961
30840,95,897,992
30851,324,668,992
30879,101,891,992
30881,992,0,992
30887,481,480,961
30893,110,851,961
30894,81,911,992
30895,78,914,992
30898,911,50,961
30918,0,992,992
30928,85,876,961
30939,902,59,961
30951,975,17,992
30954,961,0,961
30957,939,53,992
30965,1024,0,1024
30970,992,0,992
30978,1024,0,1024
31000,1024,0,1024
31008,1024,0,1024
31034,1024,0,1024
31043,1024,0,1024
31046,710,282,992
31059,0,992,992
31062,0,1024,1024
31065,0,1024,1024
31070,368,624,992
31073,0,1024,1024
31074,185,807,992
31075,215,809,1024
31119,0,1024,1024
31120,0,992,992
31139,920,72,992
31179,0,1024,1024
31193,961,31,992
31194,1021,3,1024
31198,931,61,992
31199,981,43,1024
31201,9,1015,1024
31211,889,103,992
31218,1024,0,1024
31233,1008,16,1024
31242,961,0,961
31258,992,0,992
31292,961,0,961
31339,1,991,992
31344,635,326,961
31351,985,7,992
31354,573,419,992
31356,0,992,992
31373,992,0,992
31385,320,641,961
31391,56,936,992
31413,952,9,961
31420,160,801,961
31422,0,961,961
31433,87,874,961
31439,61,900,961
31455,990,2,992
31456,0,992,992
31465,953,8,961
31467,923,38,961
31470,0,961,961
31501,983,9,992
31515,1024,0,1024
31522,644,380,1024
31530,1024,0,1024
31533,992,0,992
31562,992,0,992
31570,0,992,992
31580,1024,0,1024
31588,992,0,992
31589,1024,0,1024
31590,992,0,992
31597,1024,0,1024
31598,992,0,992
31606,1024,0,1024
31607,992,0,992
31619,0,1024,1024
31642,992,0,992
31663,682,310,992
31664,595,429,1024
31687,905,87,992
31700,179,813,992
31711,3,989,992
31728,0,992,992
31729,0,1024,1024
31742,0,1024,1024
31753,0,1024,1024
31757,0,992,992
31789,992,0,992
31796,0,992,992
31804,992,0,992
31807,961,0,961
31819,992,0,992
31850,339,653,992
31857,961,0,961
31872,961,0,961
31882,992,0,992
31890,0,961,961
31910,0,992,992
31918,0,961,961
31919,992,0,992
31932,0,992,992
31935,182,779,961
31954,954,38,992
31955,948,13,961
31959,821,140,961
31961,0,961,961
31968,0,961,961
31971,269,723,992
31975,27,965,992
31981,76,885,961
31983,3,958,961
31987,943,18,961
31988,57,935,992
31994,24,937,961
32000,951,10,961
32004,988,4,992
32018,957,4,961
32030,0,992,992
32033,961,0,961
32036,987,5,992
32049,992,0,992
32061,1024,0,1024
32106,1024,0,1024
32114,992,0,992
32124,1024,0,1024
32133,992,0,992
32145,1024,0,1024
32165,0,1024,1024
32174,371,653,1024
32189,1015,9,1024
32205,970,22,992
32219,270,754,1024
32237,326,666,992
32243,53,971,1024
32265,154,870,1024
32286,972,52,1024
32326,992,0,992
32331,989,3,992
32367,1024,0,1024
32368,992,0,992
32378,1024,0,1024
32386,992,0,992
32416,992,0,992
32423,992,0,992
32427,85,907,992
32430,0,1024,1024
32471,1023,1,1024
32473,1007,17,1024
32474,1009,15,1024
32477,960,32,992
32484,0,1024,1024
32487,993,31,1024
32498,966,26,992
32502,0,1024,1024
32509,185,807,992
32510,23,1001,1024
32515,244,780,1024
32530,209,815,1024
32534,90,934,1024
32548,988,4,992
32549,1016,8,1024
32570,973,19,992
32579,991,1,992
32602,992,0,992
32614,961,0,961
32651,961,0,961
32661,992,0,992
32675,961,0,961
32691,992,0,992
32700,0,992,992
32710,0,961,961
32721,692,300,992
32734,0,992,992
32735,198,794,992
32749,961,0,961
32753,955,6,961
32755,958,3,961
32758,0,992,992
32763,782,210,992
32764,961,0,961
32765,866,126,992
32768,0,961,961
32808,166,826,992
32833,889,72,961
32836,992,0,992
32841,0,992,992
32851,4,988,992
32870,961,0,961
32880,744,0,744
32887,1024,0,1024
32889,1024,0,1024
32903,992,0,992
32909,1024,0,1024
32913,1024,0,1024
32914,992,0,992
32923,992,0,992
32926,1024,0,1024
32928,1024,0,1024
32940,992,0,992
32994,0,992,992
33001,0,992,992
33003,0,992,992
33019,0,1024,1024
33024,1020,4,1024
33040,0,992,992
33062,461,531,992
33064,135,857,992
33075,53,939,992
33084,102,922,1024
33094,44,948,992
33139,0,1024,1024
33143,1011,13,1024
33178,992,0,992
33194,992,0,992
33200,992,0,992
33202,992,0,992
33227,961,0,961
33238,0,961,961
33271,55,906,961
33274,0,992,992
33275,0,961,961
33276,0,992,992
33291,972,20,992
33313,981,11,992
33322,0,992,992
33327,209,752,961
33335,417,575,992
33342,0,961,961
33357,12,949,961
33359,261,700,961
33365,0,992,992
33373,991,1,992
33435,1024,0,1024
33450,1024,0,1024
33453,1024,0,1024
33454,992,0,992
33459,1024,0,1024
33463,1024,0,1024
33473,992,0,992
33477,992,0,992
33485,1024,0,1024
33494,1024,0,1024
33495,992,0,992
33512,0,992,992
33516,839,153,992
33525,735,257,992
33547,174,818,992
33553,0,992,992
33567,0,1024,1024
33570,1,1023,1024
33577,0,992,992
33579,0,992,992
33581,0,992,992
33604,138,886,1024
33623,66,926,992
33626,0,1024,1024
33632,18,1006,1024
33638,40,952,992
33640,0,992,992
33691,1022,2,1024
33696,912,80,992
33699,991,33,1024
33727,992,0,992
33752,992,0,992
33757,992,0,992
33758,961,0,961
33774,992,0,992
33778,992,0,992
33779,992,0,992
33800,771,221,992
33802,863,129,992
33806,0,961,961
33820,33,959,992
33824,19,973,992
33827,0,961,961
33841,0,992,992
33845,0,961,961
33854,0,992,992
33868,110,851,961
33933,922,39,961
33939,990,2,992
33943,744,248,992
33946,916,45,961
33964,0,961,961
33965,0,992,992
33968,924,37,961
33972,961,0,961
33986,992,0,992
33996,826,198,1024
34027,1024,0,1024
34040,1024,0,1024
34046,1024,0,1024
34051,992,0,992
34055,1024,0,1024
34064,777,215,992
34077,851,141,992
34083,0,1024,1024
34086,283,709,992
34095,7,985,992
34124,0,1024,1024
34169,1024,0,1024
34181,0,992,992
34182,228,796,1024
34199,987,5,992
34200,946,78,1024
34208,1015,9,1024
34217,843,181,1024
34218,975,17,992
34235,0,1024,1024
34245,995,29,1024
34251,527,0,527
34286,961,0,961
34287,992,0,992
34294,992,0,992
34316,992,0,992
34336,694,267,961
34348,206,786,992
34365,0,992,992
34371,2,959,961
34397,0,961,961
34400,108,884,992
34402,84,908,992
34417,992,0,992
34451,53,908,961
34475,0,961,961
34477,0,961,961
34487,974,18,992
34525,544,0,544
34526,992,0,992
34534,992,0,992
34543,944,48,992
34564,1024,0,1024
34567,992,0,992
34571,992,0,992
34572,1024,0,1024
34586,992,0,992
34610,992,0,992
34613,923,101,1024
34614,425,599,1024
34615,0,992,992
34616,465,559,1024
34625,543,449,992
34638,992,0,992
34644,483,541,1024
34647,0,992,992
34656,992,0,992
34661,1,1023,1024
34678,78,946,1024
34680,0,992,992
34686,992,0,992
34688,970,22,992
34701,552,440,992
34709,0,1024,1024
34712,0,992,992
34729,287,705,992
34731,488,536,1024
34733,286,738,1024
34736,1,991,992
34741,1006,18,1024
34764,0,992,992
34788,0,992,992
34793,955,69,1024
34797,988,4,992
34801,992,0,992
34808,961,0,961
34810,992,0,992
34851,992,0,992
34857,992,0,992
34861,992,0,992
34865,961,0,961
34872,992,0,992
34874,992,0,992
34899,389,572,961
34901,0,992,992
34919,364,597,961
34926,892,100,992
34931,992,0,992
34939,0,992,992
34942,0,992,992
34957,27,965,992
34970,410,582,992
34985,294,698,992
34989,246,746,992
34991,6,986,992
34999,157,804,961
35001,552,409,961
35010,22,939,961
35025,961,0,961
35031,991,1,992
35034,948,13,961
35048,0,992,992
35061,0,992,992
35064,0,961,961
35065,976,16,992
35066,961,0,961
35077,1024,0,1024
35087,992,0,992
35089,992,0,992
35092,1024,0,1024
35093,992,0,992
35094,1024,0,1024
35097,1024,0,1024
35105,1024,0,1024
35121,992,0,992
35140,1024,0,1024
35148,1024,0,1024
35154,992,0,992
35157,1024,0,1024
35193,735,257,992
35217,871,121,992
35219,992,0,992
35231,234,790,1024
35239,185,839,1024
35255,385,639,1024
35270,281,743,1024
35287,1015,9,1024
35294,0,1024,1024
35316,0,992,992
35317,0,1024,1024
35352,961,0,961
35356,961,0,961
35359,961,0,961
35386,992,0,992
35391,961,0,961
35397,992,0,992
35409,992,0,992
35437,961,0,961
35453,463,529,992
35455,0,992,992
35456,0,961,961
35460,0,961,961
35477,992,0,992
35485,0,992,992
35488,0,992,992
35509,986,6,992
35525,330,631,961
35527,413,579,992
35538,60,901,961
35545,38,923,961
35549,0,961,961
35560,961,0,961
35563,972,20,992
35565,992,0,992
35577,961,0,961
35583,0,992,992
35605,0,992,992
35617,967,25,992
35620,744,0,744
35626,992,0,992
35634,1024,0,1024
35636,1024,0,1024
35639,992,0,992
35657,1024,0,1024
35662,1024,0,1024
35664,1024,0,1024
35665,992,0,992
35689,992,0,992
35690,1024,0,1024
35692,1024,0,1024
35707,1024,0,1024
35721,0,992,992
35740,793,231,1024
35741,413,579,992
35748,1024,0,1024
35771,0,992,992
35774,0,1024,1024
35808,0,992,992
35813,274,750,1024
35821,138,854,992
35830,0,992,992
35852,909,115,1024
35866,0,1024,1024
35881,93,931,1024
35907,992,0,992
35908,1024,0,1024
35911,992,0,992
35915,992,0,992
35927,1024,0,1024
35933,992,0,992
35935,992,0,992
35936,1024,0,1024
35968,1024,0,1024
35972,622,370,992
35997,0,1024,1024
36006,779,213,992
36008,302,690,992
36025,1024,0,1024
36031,637,387,1024
36033,0,1024,1024
36034,0,992,992
36054,0,992,992
36055,1006,18,1024
36061,768,256,1024
36062,0,1024,1024
36070,471,553,1024
36074,6,1018,1024
36096,0,1024,1024
36097,336,656,992
36098,316,708,1024
36102,0,992,992
36105,1007,17,1024
36108,991,1,992
36127,686,338,1024
36142,8,1016,1024
36175,992,0,992
36192,992,0,992
36215,961,0,961
36216,992,0,992
36239,961,0,961
36245,992,0,992
36249,362,630,992
36255,992,0,992
36265,926,35,961
36271,286,706,992
36274,454,507,961
36319,158,803,961
36322,300,692,992
36323,8,984,992
36335,944,48,992
36340,973,19,992
36344,2,990,992
36358,803,158,961
36361,223,769,992
36399,929,32,961
36401,967,25,992
36432,183,778,961
36451,1024,0,1024
36466,1024,0,1024
36471,1024,0,1024
36477,1024,0,1024
36499,979,45,1024
36502,992,0,992
36506,1024,0,1024
36507,992,0,992
36510,1024,0,1024
36524,0,992,992
36525,0,1024,1024
36530,654,338,992
36538,375,649,1024
36543,410,582,992
36552,710,282,992
36556,992,0,992
36563,992,0,992
36573,1024,0,1024
36582,0,992,992
36595,0,992,992
36612,913,111,1024
36621,0,992,992
36663,992,0,992
36670,511,513,1024
36680,48,944,992
36691,939,53,992
36692,0,1024,1024
36701,1,1023,1024
36705,1022,2,1024
36711,1022,2,1024
36713,995,29,1024
36719,992,0,992
36723,992,0,992
36725,992,0,992
36746,961,0,961
36749,992,0,992
36768,961,0,961
36770,961,0,961
36771,992,0,992
36783,961,0,961
36799,732,260,992
36806,622,370,992
36824,535,426,961
36837,856,105,961
36838,992,0,992
36848,961,0,961
36871,983,9,992
36891,210,751,961
36909,320,672,992
36944,683,309,992
36986,41,920,961
36996,992,0,992
36999,1024,0,1024
37002,1024,0,1024
37007,992,0,992
37015,1024,0,1024
37027,1024,0,1024
37029,992,0,992
37036,1024,0,1024
37038,1024,0,1024
37040,1024,0,1024
37042,992,0,992
37051,1024,0,1024
37057,992,0,992
37095,598,426,1024
37106,1024,0,1024
37111,992,0,992
37125,1024,0,1024
37144,1024,0,1024
37155,0,1024,1024
37157,0,1024,1024
37174,32,960,992
37179,900,124,1024
37246,215,809,1024
37249,106,918,1024
37254,938,54,992
37272,961,0,961
37293,992,0,992
37299,992,0,992
37300,961,0,961
37314,992,0,992
37318,961,0,961
37336,992,0,992
37337,961,0,961
37340,992,0,992
37355,874,87,961
37358,992,0,992
37359,961,0,961
37362,703,289,992
37369,626,366,992
37370,395,566,961
37373,293,699,992
37390,992,0,992
37402,961,0,961
37403,992,0,992
37412,0,992,992
37418,991,1,992
37434,820,172,992
37449,142,850,992
37457,197,795,992
37463,336,625,961
37469,311,650,961
37491,0,961,961
37504,18,943,961
37520,47,945,992
37522,49,943,992
37525,1,991,992
37541,1024,0,1024
37542,992,0,992
37546,992,0,992
37556,1024,0,1024
37564,992,0,992
37566,992,0,992
37571,1024,0,1024
37585,992,0,992
37623,1024,0,1024
37625,1024,0,1024
37633,989,3,992
37636,539,485,1024
37644,461,531,992
37648,422,570,992
37650,962,30,992
37660,1024,0,1024
37666,1024,0,1024
37678,992,0,992
37681,992,0,992
37733,275,717,992
37747,1006,18,1024
37757,914,110,1024
37773,78,946,1024
37775,27,997,1024
37800,977,15,992
37803,1022,2,1024
37806,980,12,992
37829,961,0,961
37852,992,0,992
37857,961,0,961
37897,992,0,992
37904,404,588,992
37910,676,316,992
37918,0,961,961
37944,961,0,961
37948,961,0,961
37953,992,0,992
37961,0,961,961
37984,972,20,992
38003,167,825,992
38004,294,667,961
38012,540,452,992
38034,6,986,992
38045,2,990,992
38052,59,902,961
38070,958,34,992
38072,0,961,961
38077,895,97,992
38083,931,61,992
38099,992,0,992
38106,1024,0,1024
38148,992,0,992
38167,1024,0,1024
38169,1024,0,1024
38174,992,0,992
38192,866,126,992
38199,1024,0,1024
38203,992,0,992
38214,1024,0,1024
38267,112,912,1024
38278,120,872,992
38283,294,698,992
38293,26,998,1024
38316,715,309,1024
38349,790,234,1024
38350,973,19,992
38363,992,0,992
38381,961,0,961
38391,992,0,992
38416,961,0,961
38431,961,0,961
38434,992,0,992
38438,961,0,961
38442,961,0,961
38466,696,265,961
38472,742,219,961
38485,961,0,961
38521,0,992,992
38524,961,0,961
38544,261,700,961
38549,178,814,992
38557,4,957,961
38572,0,961,961
38589,122,839,961
38606,971,21,992
38614,992,0,992
38625,0,992,992
38639,1024,0,1024
38650,1024,0,1024
38658,1024,0,1024
38678,1024,0,1024
38688,992,0,992
38702,1024,0,1024
38709,992,0,992
38720,992,0,992
38725,959,33,992
38731,0,992,992
38734,580,444,1024
38739,1024,0,1024
38749,1024,0,1024
38761,992,0,992
38775,1024,0,1024
38779,992,0,992
38784,613,411,1024
38785,3,989,992
38787,1,991,992
38797,1024,0,1024
38808,0,1024,1024
38811,32,960,992
38817,532,492,1024
38861,992,0,992
38872,963,29,992
38873,1021,3,1024
38894,973,19,992
38907,4,988,992
38919,992,0,992
38928,992,0,992
38930,992,0,992
38956,992,0,992
38996,961,0,961
39018,890,71,961
39022,961,0,961
39024,992,0,992
39066,71,890,961
39078,960,32,992
39103,716,245,961
39105,5,956,961
39124,0,961,961
39154,985,7,992
39172,884,77,961
39174,949,12,961
39177,992,0,992
39189,1024,0,1024
39199,992,0,992
39202,1024,0,1024
39207,1024,0,1024
39217,1024,0,1024
39231,992,0,992
39249,992,0,992
39258,1024,0,1024
39266,992,0,992
39278,156,868,1024
39356,0,1024,1024
39357,0,992,992
39365,3,1021,1024
39378,211,813,1024
39380,391,633,1024
39381,382,610,992
39383,6,986,992
39386,3,1021,1024
39391,1018,6,1024
39394,0,992,992
39397,0,1024,1024
39401,11,1013,1024
39404,872,152,1024
39417,0,1024,1024
39424,992,0,992
39427,1024,0,1024
39437,992,0,992
39462,992,0,992
39481,1024,0,1024
39505,992,0,992
39533,1024,0,1024
39534,992,0,992
39536,992,0,992
39577,992,0,992
39587,1024,0,1024
39619,1024,0,1024
39626,1024,0,1024
39628,930,94,1024
39651,950,42,992
39661,3,989,992
39667,889,135,1024
39683,964,28,992
39691,0,1024,1024
39695,1012,12,1024
39705,35,957,992
39712,1005,19,1024
39716,991,1,992
39727,423,601,1024
39736,961,0,961
39747,961,0,961
39770,992,0,992
39794,992,0,992
39801,961,0,961
39808,961,0,961
39827,463,498,961
39828,239,753,992
39837,992,0,992
39845,992,0,992
39850,992,0,992
39857,961,0,961
39869,992,0,992
39905,961,0,961
39908,470,522,992
39910,622,370,992
39920,260,701,961
39931,14,947,961
39952,900,92,992
39955,961,0,961
39978,63,929,992
39979,52,909,961
39982,17,975,992
39993,955,37,992
40021,992,0,992
40022,1024,0,1024
40025,992,0,992
40034,992,0,992
40036,992,0,992
40037,1024,0,1024
40043,992,0,992
40067,1024,0,1024
40083,1024,0,1024
40085,1024,0,1024
40086,992,0,992
40089,1024,0,1024
40094,1024,0,1024
40112,992,0,992
40138,992,0,992
40163,1024,0,1024
40190,44,948,992
40199,96,896,992
40231,992,0,992
40263,0,1024,1024
40272,86,906,992
40276,5,1019,1024
40308,961,0,961
40323,784,177,961
40336,961,0,961
40342,992,0,992
40363,992,0,992
40380,0,992,992
40385,992,0,992
40407,992,0,992
40411,992,0,992
40442,961,0,961
40444,961,0,961
40454,992,0,992
40465,866,126,992
40469,343,649,992
40485,28,964,992
40492,285,676,961
40518,0,961,961
40534,965,27,992
40546,201,760,961
40580,992,0,992
40592,1024,0,1024
40601,992,0,992
40614,992,0,992
40616,1024,0,1024
40627,992,0,992
40632,992,0,992
40650,1024,0,1024
40652,0,1024,1024
40659,1024,0,1024
40699,792,200,992
40703,992,0,992
40708,992,0,992
40712,992,0,992
40717,1024,0,1024
40719,1024,0,1024
40725,992,0,992
40729,992,0,992
40761,57,967,1024
40765,191,833,1024
40779,18,974,992
40781,364,628,992
40808,1013,11,1024
40816,852,140,992
40826,721,47,768
40827,527,0,527
40828,961,0,961
40859,992,0,992
40870,992,0,992
40875,961,0,961
40910,961,0,961
40944,992,0,992
40950,992,0,992
40965,992,0,992
40982,961,0,961
41016,343,618,961
41022,126,866,992
41026,586,406,992
41067,511,481,992
41071,955,37,992
41079,958,3,961
41080,969,23,992
41081,925,36,961
41089,982,10,992
41108,992,0,992
41110,992,0,992
41113,992,0,992
41137,1024,0,1024
41138,1024,0,1024
41148,1024,0,1024
41169,992,0,992
41176,1024,0,1024
41198,1024,0,1024
41199,983,9,992
41203,738,286,1024
41204,991,1,992
41205,1024,0,1024
41224,1024,0,1024
41243,748,244,992
41252,1024,0,1024
41264,992,0,992
41267,1024,0,1024
41280,1024,0,1024
41288,569,423,992
41292,0,992,992
41294,662,362,1024
41326,19,1005,1024
41345,1017,7,1024
41350,1013,11,1024
41351,1,991,992
41361,1024,0,1024
41362,991,1,992
41363,820,204,1024
41364,378,614,992
41392,992,0,992
41416,992,0,992
41449,961,0,961
41452,961,0,961
41478,961,0,961
41483,329,663,992
41499,961,0,961
41503,992,0,992
41536,961,0,961
41543,961,0,961
41548,992,0,992
41556,961,0,961
41562,308,653,961
41579,0,961,961
41590,959,2,961
41600,992,0,992
41617,909,83,992
41621,903,58,961
41627,61,900,961
41629,4,957,961
41648,744,0,744
41657,1024,0,1024
41676,992,0,992
41689,992,0,992
41709,1024,0,1024
41715,992,0,992
41717,992,0,992
41718,1024,0,1024
41720,1024,0,1024
41732,992,0,992
41737,1024,0,1024
41745,992,0,992
41757,1024,0,1024
41771,992,0,992
41773,992,0,992
41774,1024,0,1024
41780,992,0,992
41801,992,0,992
41809,1024,0,1024
41822,1024,0,1024
41829,1024,0,1024
41834,810,182,992
41841,467,557,1024
41845,150,842,992
41846,610,414,1024
41858,719,273,992
41859,524,500,1024
41865,985,39,1024
41870,579,445,1024
41874,1021,3,1024
41883,187,837,1024
41897,114,878,992
41910,992,0,992
41928,961,0,961
41930,961,0,961
41939,961,0,961
41943,961,0,961
41950,961,0,961
41968,992,0,992
41975,992,0,992
41998,992,0,992
42019,961,0,961
42052,961,0,961
42079,992,0,992
42088,961,0,961
42090,992,0,992
42097,961,0,961
42115,919,73,992
42117,341,620,961
42123,0,961,961
42149,132,829,961
42152,189,803,992
42179,961,0,961
42180,991,1,992
42188,393,568,961
42195,0,961,961
42196,741,3,744
42200,992,0,992
42203,1024,0,1024
42239,992,0,992
42254,992,0,992
42255,1024,0,1024
42259,1024,0,1024
42279,1024,0,1024
42283,1024,0,1024
42344,1024,0,1024
42353,1024,0,1024
42362,992,0,992
42370,1024,0,1024
42380,992,0,992
42393,569,423,992
42394,650,374,1024
42443,0,992,992
42459,1014,10,1024
42478,961,0,961
42481,992,0,992
42491,961,0,961
42507,992,0,992
42528,960,1,961
42548,961,0,961
42553,992,0,992
42557,992,0,992
42563,961,0,961
42565,961,0,961
42570,992,0,992
42571,961,0,961
42599,992,0,992
42619,961,0,961
42631,992,0,992
42633,992,0,992
42639,961,0,961
42649,961,0,961
42666,752,240,992
42670,73,919,992
42683,235,757,992
42685,981,11,992
42686,935,26,961
42688,957,4,961
42709,992,0,992
42730,961,0,961
42746,992,0,992
42748,992,0,992
42753,1024,0,1024
42777,1024,0,1024
42778,992,0,992
42787,992,0,992
42791,992,0,992
42806,992,0,992
42809,992,0,992
42820,1024,0,1024
42835,992,0,992
42853,1024,0,1024
42855,1024,0,1024
42861,992,0,992
42877,1024,0,1024
42889,992,0,992
42910,992,0,992
42921,992,0,992
42945,0,992,992
42947,934,58,992
42961,1016,8,1024
42971,992,0,992
42976,378,646,1024
42978,104,888,992
42985,840,184,1024
42988,925,67,992
43009,974,50,1024
43018,369,399,768
43029,1024,0,1024
43036,1024,0,1024
43047,1024,0,1024
43050,992,0,992
43069,1024,0,1024
43089,992,0,992
43112,1024,0,1024
43152,992,0,992
43157,1024,0,1024
43164,1024,0,1024
43188,1024,0,1024
43203,1024,0,1024
43228,664,328,992
43233,993,31,1024
43237,998,26,1024
43256,992,0,992
43274,968,56,1024
43282,976,16,992
43306,992,0,992
43315,961,0,961
43317,992,0,992
43341,961,0,961
43351,992,0,992
43352,961,0,961
43367,961,0,961
43370,961,0,961
43372,961,0,961
43418,992,0,992
43421,992,0,992
43423,992,0,992
43446,992,0,992
43447,992,0,992
43463,961,0,961
43470,992,0,992
43471,961,0,961
43481,992,0,992
43499,369,623,992
43501,290,702,992
43507,969,23,992
43513,726,235,961
43530,961,0,961
43532,961,0,961
43534,961,0,961
43558,341,620,961
43591,1024,0,1024
43620,992,0,992
43624,992,0,992
43627,1024,0,1024
43632,1024,0,1024
43657,992,0,992
43666,1024,0,1024
43670,992,0,992
43690,1024,0,1024
43701,1024,0,1024
43711,992,0,992
43718,1024,0,1024
43732,992,0,992
43736,1024,0,1024
43757,1024,0,1024
43771,990,2,992
43774,34,958,992
43807,1024,0,1024
43812,0,1024,1024
43817,992,0,992
43837,393,631,1024
43867,992,0,992
43894,961,0,961
43896,961,0,961
43909,961,0,961
43919,992,0,992
43921,992,0,992
43924,961,0,961
43926,961,0,961
43928,961,0,961
43940,992,0,992
43973,992,0,992
43985,961,0,961
44029,992,0,992
44038,0,992,992
44043,2,959,961
44055,569,423,992
44062,39,953,992
44067,441,520,961
44068,0,992,992
44076,893,68,961
44084,961,0,961
44085,95,897,992
44086,761,231,992
44091,961,0,961
44094,757,235,992
44098,517,475,992
44111,339,653,992
44114,421,323,744
44115,544,0,544
44116,992,0,992
44130,1024,0,1024
44142,992,0,992
44150,992,0,992
44162,1024,0,1024
44164,1024,0,1024
44174,992,0,992
44176,992,0,992
44190,1024,0,1024
44202,992,0,992
44213,992,0,992
44222,992,0,992
44236,1024,0,1024
44248,992,0,992
44266,1024,0,1024
44291,992,0,992
44293,992,0,992
44295,1024,0,1024
44301,1024,0,1024
44303,1024,0,1024
44312,783,241,1024
44321,1006,18,1024
44327,721,303,1024
44336,282,742,1024
44353,1024,0,1024
44357,1024,0,1024
44358,992,0,992
44360,385,639,1024
44383,0,1024,1024
44395,992,0,992
44425,992,0,992
44430,992,0,992
44433,961,0,961
44446,961,0,961
44454,992,0,992
44460,992,0,992
44462,992,0,992
44476,961,0,961
44478,992,0,992
44492,961,0,961
44502,961,0,961
44510,992,0,992
44537,961,0,961
44578,961,0,961
44589,932,29,961
44600,0,961,961
44615,579,382,961
44617,0,961,961
44623,992,0,992
44630,961,0,961
44633,369,623,992
44634,0,992,992
44648,706,255,961
44658,167,794,961
44667,1024,0,1024
44688,992,0,992
44716,992,0,992
44717,1024,0,1024
44720,992,0,992
44726,1024,0,1024
44749,1024,0,1024
44753,992,0,992
44757,992,0,992
44762,1024,0,1024
44769,1024,0,1024
44771,1024,0,1024
44776,992,0,992
44784,1024,0,1024
44789,992,0,992
44795,1024,0,1024
44815,992,0,992
44817,1024,0,1024
44827,1024,0,1024
44847,1024,0,1024
44852,992,0,992
44857,992,0,992
44872,0,992,992
44878,768,224,992
44896,992,0,992
44897,1024,0,1024
44926,407,585,992
